<?xml version="1.0" encoding="UTF-8" standalone="no"?>
<Layer layerType="TiledImageLayer" version="1">
    <DisplayName>Orthomosaic</DisplayName>
    <DatasetName>Orthomosaic</DatasetName>
    <DataCacheName>./</DataCacheName>
    <Service serviceName="WWTileService">
        <URL>http://tileserver.com/</URL>
    </Service>
    <FormatSuffix>.png</FormatSuffix>
    <NumLevels count="5" numEmpty="0"/>
    <Sector>
        <SouthWest>
          <LatLon latitude="49.1045" longitude="2.33534" units="degrees"/>
        </SouthWest>
        <NorthEast>
          <LatLon latitude="49.1057" longitude="2.33712" units="degrees"/>
        </NorthEast>
    </Sector>
    <TileOrigin>
        <LatLon latitude="-90.0" longitude="-180.0" units="degrees"/>
    </TileOrigin>
    <TileSize>
        <Dimension width="512" height="512"/>
    </TileSize>
    <LevelZeroTileDelta>
        <LatLon latitude="0.00274658" longitude="0.00274658" units="degrees"/>
    </LevelZeroTileDelta>
    <AvailableImageFormats>
        <ImageFormat>image/png</ImageFormat>
    </AvailableImageFormats>
</Layer>
